categoria,perfil,quantidade,comprimento_total_m,massa_kg
Arruelas,chapa-10,40,0.00,24.0
Bocais (coletores calha->condutor),tubo-130x3,6,0.72,6.8
Calhas,U300x200x5,2,40.00,1240.3
Chapa de topo (joelho),chapa-22,10,0.00,95.0
Chapas gusset (contravento),chapa-12,24,0.00,25.4
Chumbadores,barra-20,80,17.80,44.0
Clipes de apoio (conexao),chapa-8,50,0.00,34.0
Colunas,HEA200,10,59.70,2392.4
Condutores,tubo-100x3,6,35.10,251.9
Contraventamento,barra-20,12,107.02,263.9
Enrijecedores (joelho),chapa-12,20,0.00,71.6
Escoras de beiral / cumeeira,HEA160,12,60.00,1735.2
Esticadores (contravento),esticador-M20,12,107.02,27.0
Misulas (joelho),chapa-9.5,10,0.00,2543.4
Montantes de oitao,HEA160,4,24.77,716.2
Nervuras da base,chapa-12,20,0.00,39.6
Parafusos M24 (joelho),M24,40,4.80,17.2
Placas de base,chapa-40,10,0.00,777.1
Porcas,porca-M20,40,0.72,8.0
Porcas de nivel,porca-M20,40,1.12,12.0
Tapamento,trapez-0.65,4,0.00,1652.6
Telha de cobertura,trapez-0.65,2,0.00,1025.6
Tercas,Ue200x75x25x2.65,6,120.00,972.1
Tercas de parede,UPE100,5,79.10,749.8
Tirantes / maos-francesas,barra-16,50,139.12,219.5
Vergas,UPE100,1,0.90,8.5
Vigas,HEA180,10,50.25,1708.8
SUBTOTAL ACO,,,,16661.9
SUBTOTAL ALVENARIA,,,,0.0
TOTAL GERAL,,,,16661.9

# Detalhe por elemento
nome,categoria,perfil,comprimento_mm,massa_kg
ARRUELA_D_01_01,Arruelas,chapa-10,0.0,0.6
ARRUELA_D_01_02,Arruelas,chapa-10,0.0,0.6
ARRUELA_D_01_03,Arruelas,chapa-10,0.0,0.6
ARRUELA_D_01_04,Arruelas,chapa-10,0.0,0.6
ARRUELA_D_02_01,Arruelas,chapa-10,0.0,0.6
ARRUELA_D_02_02,Arruelas,chapa-10,0.0,0.6
ARRUELA_D_02_03,Arruelas,chapa-10,0.0,0.6
ARRUELA_D_02_04,Arruelas,chapa-10,0.0,0.6
ARRUELA_D_03_01,Arruelas,chapa-10,0.0,0.6
ARRUELA_D_03_02,Arruelas,chapa-10,0.0,0.6
ARRUELA_D_03_03,Arruelas,chapa-10,0.0,0.6
ARRUELA_D_03_04,Arruelas,chapa-10,0.0,0.6
ARRUELA_D_04_01,Arruelas,chapa-10,0.0,0.6
ARRUELA_D_04_02,Arruelas,chapa-10,0.0,0.6
ARRUELA_D_04_03,Arruelas,chapa-10,0.0,0.6
ARRUELA_D_04_04,Arruelas,chapa-10,0.0,0.6
ARRUELA_D_05_01,Arruelas,chapa-10,0.0,0.6
ARRUELA_D_05_02,Arruelas,chapa-10,0.0,0.6
ARRUELA_D_05_03,Arruelas,chapa-10,0.0,0.6
ARRUELA_D_05_04,Arruelas,chapa-10,0.0,0.6
ARRUELA_E_01_01,Arruelas,chapa-10,0.0,0.6
ARRUELA_E_01_02,Arruelas,chapa-10,0.0,0.6
ARRUELA_E_01_03,Arruelas,chapa-10,0.0,0.6
ARRUELA_E_01_04,Arruelas,chapa-10,0.0,0.6
ARRUELA_E_02_01,Arruelas,chapa-10,0.0,0.6
ARRUELA_E_02_02,Arruelas,chapa-10,0.0,0.6
ARRUELA_E_02_03,Arruelas,chapa-10,0.0,0.6
ARRUELA_E_02_04,Arruelas,chapa-10,0.0,0.6
ARRUELA_E_03_01,Arruelas,chapa-10,0.0,0.6
ARRUELA_E_03_02,Arruelas,chapa-10,0.0,0.6
ARRUELA_E_03_03,Arruelas,chapa-10,0.0,0.6
ARRUELA_E_03_04,Arruelas,chapa-10,0.0,0.6
ARRUELA_E_04_01,Arruelas,chapa-10,0.0,0.6
ARRUELA_E_04_02,Arruelas,chapa-10,0.0,0.6
ARRUELA_E_04_03,Arruelas,chapa-10,0.0,0.6
ARRUELA_E_04_04,Arruelas,chapa-10,0.0,0.6
ARRUELA_E_05_01,Arruelas,chapa-10,0.0,0.6
ARRUELA_E_05_02,Arruelas,chapa-10,0.0,0.6
ARRUELA_E_05_03,Arruelas,chapa-10,0.0,0.6
ARRUELA_E_05_04,Arruelas,chapa-10,0.0,0.6
BOCAL_D_00,Bocais (coletores calha->condutor),tubo-130x3,120.0,1.13
BOCAL_D_10,Bocais (coletores calha->condutor),tubo-130x3,120.0,1.13
BOCAL_D_20,Bocais (coletores calha->condutor),tubo-130x3,120.0,1.13
BOCAL_E_00,Bocais (coletores calha->condutor),tubo-130x3,120.0,1.13
BOCAL_E_10,Bocais (coletores calha->condutor),tubo-130x3,120.0,1.13
BOCAL_E_20,Bocais (coletores calha->condutor),tubo-130x3,120.0,1.13
CALHA_D,Calhas,U300x200x5,20000.0,620.15
CALHA_E,Calhas,U300x200x5,20000.0,620.15
CHUMBADOR_D_01_01,Chumbadores,barra-20,385.0,0.95
CHUMBADOR_D_01_02,Chumbadores,barra-20,385.0,0.95
CHUMBADOR_D_01_03,Chumbadores,barra-20,385.0,0.95
CHUMBADOR_D_01_04,Chumbadores,barra-20,385.0,0.95
CHUMBADOR_D_02_01,Chumbadores,barra-20,385.0,0.95
CHUMBADOR_D_02_02,Chumbadores,barra-20,385.0,0.95
CHUMBADOR_D_02_03,Chumbadores,barra-20,385.0,0.95
CHUMBADOR_D_02_04,Chumbadores,barra-20,385.0,0.95
CHUMBADOR_D_03_01,Chumbadores,barra-20,385.0,0.95
CHUMBADOR_D_03_02,Chumbadores,barra-20,385.0,0.95
CHUMBADOR_D_03_03,Chumbadores,barra-20,385.0,0.95
CHUMBADOR_D_03_04,Chumbadores,barra-20,385.0,0.95
CHUMBADOR_D_04_01,Chumbadores,barra-20,385.0,0.95
CHUMBADOR_D_04_02,Chumbadores,barra-20,385.0,0.95
CHUMBADOR_D_04_03,Chumbadores,barra-20,385.0,0.95
CHUMBADOR_D_04_04,Chumbadores,barra-20,385.0,0.95
CHUMBADOR_D_05_01,Chumbadores,barra-20,385.0,0.95
CHUMBADOR_D_05_02,Chumbadores,barra-20,385.0,0.95
CHUMBADOR_D_05_03,Chumbadores,barra-20,385.0,0.95
CHUMBADOR_D_05_04,Chumbadores,barra-20,385.0,0.95
CHUMBADOR_E_01_01,Chumbadores,barra-20,385.0,0.95
CHUMBADOR_E_01_02,Chumbadores,barra-20,385.0,0.95
CHUMBADOR_E_01_03,Chumbadores,barra-20,385.0,0.95
CHUMBADOR_E_01_04,Chumbadores,barra-20,385.0,0.95
CHUMBADOR_E_02_01,Chumbadores,barra-20,385.0,0.95
CHUMBADOR_E_02_02,Chumbadores,barra-20,385.0,0.95
CHUMBADOR_E_02_03,Chumbadores,barra-20,385.0,0.95
CHUMBADOR_E_02_04,Chumbadores,barra-20,385.0,0.95
CHUMBADOR_E_03_01,Chumbadores,barra-20,385.0,0.95
CHUMBADOR_E_03_02,Chumbadores,barra-20,385.0,0.95
CHUMBADOR_E_03_03,Chumbadores,barra-20,385.0,0.95
CHUMBADOR_E_03_04,Chumbadores,barra-20,385.0,0.95
CHUMBADOR_E_04_01,Chumbadores,barra-20,385.0,0.95
CHUMBADOR_E_04_02,Chumbadores,barra-20,385.0,0.95
CHUMBADOR_E_04_03,Chumbadores,barra-20,385.0,0.95
CHUMBADOR_E_04_04,Chumbadores,barra-20,385.0,0.95
CHUMBADOR_E_05_01,Chumbadores,barra-20,385.0,0.95
CHUMBADOR_E_05_02,Chumbadores,barra-20,385.0,0.95
CHUMBADOR_E_05_03,Chumbadores,barra-20,385.0,0.95
CHUMBADOR_E_05_04,Chumbadores,barra-20,385.0,0.95
CHUMBADOR_GANCHO_D_01_01,Chumbadores,barra-20,60.0,0.15
CHUMBADOR_GANCHO_D_01_02,Chumbadores,barra-20,60.0,0.15
CHUMBADOR_GANCHO_D_01_03,Chumbadores,barra-20,60.0,0.15
CHUMBADOR_GANCHO_D_01_04,Chumbadores,barra-20,60.0,0.15
CHUMBADOR_GANCHO_D_02_01,Chumbadores,barra-20,60.0,0.15
CHUMBADOR_GANCHO_D_02_02,Chumbadores,barra-20,60.0,0.15
CHUMBADOR_GANCHO_D_02_03,Chumbadores,barra-20,60.0,0.15
CHUMBADOR_GANCHO_D_02_04,Chumbadores,barra-20,60.0,0.15
CHUMBADOR_GANCHO_D_03_01,Chumbadores,barra-20,60.0,0.15
CHUMBADOR_GANCHO_D_03_02,Chumbadores,barra-20,60.0,0.15
CHUMBADOR_GANCHO_D_03_03,Chumbadores,barra-20,60.0,0.15
CHUMBADOR_GANCHO_D_03_04,Chumbadores,barra-20,60.0,0.15
CHUMBADOR_GANCHO_D_04_01,Chumbadores,barra-20,60.0,0.15
CHUMBADOR_GANCHO_D_04_02,Chumbadores,barra-20,60.0,0.15
CHUMBADOR_GANCHO_D_04_03,Chumbadores,barra-20,60.0,0.15
CHUMBADOR_GANCHO_D_04_04,Chumbadores,barra-20,60.0,0.15
CHUMBADOR_GANCHO_D_05_01,Chumbadores,barra-20,60.0,0.15
CHUMBADOR_GANCHO_D_05_02,Chumbadores,barra-20,60.0,0.15
CHUMBADOR_GANCHO_D_05_03,Chumbadores,barra-20,60.0,0.15
CHUMBADOR_GANCHO_D_05_04,Chumbadores,barra-20,60.0,0.15
CHUMBADOR_GANCHO_E_01_01,Chumbadores,barra-20,60.0,0.15
CHUMBADOR_GANCHO_E_01_02,Chumbadores,barra-20,60.0,0.15
CHUMBADOR_GANCHO_E_01_03,Chumbadores,barra-20,60.0,0.15
CHUMBADOR_GANCHO_E_01_04,Chumbadores,barra-20,60.0,0.15
CHUMBADOR_GANCHO_E_02_01,Chumbadores,barra-20,60.0,0.15
CHUMBADOR_GANCHO_E_02_02,Chumbadores,barra-20,60.0,0.15
CHUMBADOR_GANCHO_E_02_03,Chumbadores,barra-20,60.0,0.15
CHUMBADOR_GANCHO_E_02_04,Chumbadores,barra-20,60.0,0.15
CHUMBADOR_GANCHO_E_03_01,Chumbadores,barra-20,60.0,0.15
CHUMBADOR_GANCHO_E_03_02,Chumbadores,barra-20,60.0,0.15
CHUMBADOR_GANCHO_E_03_03,Chumbadores,barra-20,60.0,0.15
CHUMBADOR_GANCHO_E_03_04,Chumbadores,barra-20,60.0,0.15
CHUMBADOR_GANCHO_E_04_01,Chumbadores,barra-20,60.0,0.15
CHUMBADOR_GANCHO_E_04_02,Chumbadores,barra-20,60.0,0.15
CHUMBADOR_GANCHO_E_04_03,Chumbadores,barra-20,60.0,0.15
CHUMBADOR_GANCHO_E_04_04,Chumbadores,barra-20,60.0,0.15
CHUMBADOR_GANCHO_E_05_01,Chumbadores,barra-20,60.0,0.15
CHUMBADOR_GANCHO_E_05_02,Chumbadores,barra-20,60.0,0.15
CHUMBADOR_GANCHO_E_05_03,Chumbadores,barra-20,60.0,0.15
CHUMBADOR_GANCHO_E_05_04,Chumbadores,barra-20,60.0,0.15
CLIPE_GIRT_D_01_01,Clipes de apoio (conexao),chapa-8,0.0,0.68
CLIPE_GIRT_D_01_02,Clipes de apoio (conexao),chapa-8,0.0,0.68
CLIPE_GIRT_D_02_01,Clipes de apoio (conexao),chapa-8,0.0,0.68
CLIPE_GIRT_D_02_02,Clipes de apoio (conexao),chapa-8,0.0,0.68
CLIPE_GIRT_D_03_01,Clipes de apoio (conexao),chapa-8,0.0,0.68
CLIPE_GIRT_D_03_02,Clipes de apoio (conexao),chapa-8,0.0,0.68
CLIPE_GIRT_D_04_01,Clipes de apoio (conexao),chapa-8,0.0,0.68
CLIPE_GIRT_D_04_02,Clipes de apoio (conexao),chapa-8,0.0,0.68
CLIPE_GIRT_D_05_01,Clipes de apoio (conexao),chapa-8,0.0,0.68
CLIPE_GIRT_D_05_02,Clipes de apoio (conexao),chapa-8,0.0,0.68
CLIPE_GIRT_E_01_01,Clipes de apoio (conexao),chapa-8,0.0,0.68
CLIPE_GIRT_E_01_02,Clipes de apoio (conexao),chapa-8,0.0,0.68
CLIPE_GIRT_E_02_01,Clipes de apoio (conexao),chapa-8,0.0,0.68
CLIPE_GIRT_E_02_02,Clipes de apoio (conexao),chapa-8,0.0,0.68
CLIPE_GIRT_E_03_01,Clipes de apoio (conexao),chapa-8,0.0,0.68
CLIPE_GIRT_E_03_02,Clipes de apoio (conexao),chapa-8,0.0,0.68
CLIPE_GIRT_E_04_01,Clipes de apoio (conexao),chapa-8,0.0,0.68
CLIPE_GIRT_E_04_02,Clipes de apoio (conexao),chapa-8,0.0,0.68
CLIPE_GIRT_E_05_01,Clipes de apoio (conexao),chapa-8,0.0,0.68
CLIPE_GIRT_E_05_02,Clipes de apoio (conexao),chapa-8,0.0,0.68
CLIPE_TERCA_01_01,Clipes de apoio (conexao),chapa-8,0.0,0.68
CLIPE_TERCA_01_02,Clipes de apoio (conexao),chapa-8,0.0,0.68
CLIPE_TERCA_01_03,Clipes de apoio (conexao),chapa-8,0.0,0.68
CLIPE_TERCA_01_04,Clipes de apoio (conexao),chapa-8,0.0,0.68
CLIPE_TERCA_01_05,Clipes de apoio (conexao),chapa-8,0.0,0.68
CLIPE_TERCA_01_06,Clipes de apoio (conexao),chapa-8,0.0,0.68
CLIPE_TERCA_02_01,Clipes de apoio (conexao),chapa-8,0.0,0.68
CLIPE_TERCA_02_02,Clipes de apoio (conexao),chapa-8,0.0,0.68
CLIPE_TERCA_02_03,Clipes de apoio (conexao),chapa-8,0.0,0.68
CLIPE_TERCA_02_04,Clipes de apoio (conexao),chapa-8,0.0,0.68
CLIPE_TERCA_02_05,Clipes de apoio (conexao),chapa-8,0.0,0.68
CLIPE_TERCA_02_06,Clipes de apoio (conexao),chapa-8,0.0,0.68
CLIPE_TERCA_03_01,Clipes de apoio (conexao),chapa-8,0.0,0.68
CLIPE_TERCA_03_02,Clipes de apoio (conexao),chapa-8,0.0,0.68
CLIPE_TERCA_03_03,Clipes de apoio (conexao),chapa-8,0.0,0.68
CLIPE_TERCA_03_04,Clipes de apoio (conexao),chapa-8,0.0,0.68
CLIPE_TERCA_03_05,Clipes de apoio (conexao),chapa-8,0.0,0.68
CLIPE_TERCA_03_06,Clipes de apoio (conexao),chapa-8,0.0,0.68
CLIPE_TERCA_04_01,Clipes de apoio (conexao),chapa-8,0.0,0.68
CLIPE_TERCA_04_02,Clipes de apoio (conexao),chapa-8,0.0,0.68
CLIPE_TERCA_04_03,Clipes de apoio (conexao),chapa-8,0.0,0.68
CLIPE_TERCA_04_04,Clipes de apoio (conexao),chapa-8,0.0,0.68
CLIPE_TERCA_04_05,Clipes de apoio (conexao),chapa-8,0.0,0.68
CLIPE_TERCA_04_06,Clipes de apoio (conexao),chapa-8,0.0,0.68
CLIPE_TERCA_05_01,Clipes de apoio (conexao),chapa-8,0.0,0.68
CLIPE_TERCA_05_02,Clipes de apoio (conexao),chapa-8,0.0,0.68
CLIPE_TERCA_05_03,Clipes de apoio (conexao),chapa-8,0.0,0.68
CLIPE_TERCA_05_04,Clipes de apoio (conexao),chapa-8,0.0,0.68
CLIPE_TERCA_05_05,Clipes de apoio (conexao),chapa-8,0.0,0.68
CLIPE_TERCA_05_06,Clipes de apoio (conexao),chapa-8,0.0,0.68
CONDUTOR_D_00,Condutores,tubo-100x3,5850.0,41.98
CONDUTOR_D_10,Condutores,tubo-100x3,5850.0,41.98
CONDUTOR_D_20,Condutores,tubo-100x3,5850.0,41.98
CONDUTOR_E_00,Condutores,tubo-100x3,5850.0,41.98
CONDUTOR_E_10,Condutores,tubo-100x3,5850.0,41.98
CONDUTOR_E_20,Condutores,tubo-100x3,5850.0,41.98
CONEX_GUSSET_COB_01_00_00,Chapas gusset (contravento),chapa-12,0.0,1.06
CONEX_GUSSET_COB_01_00_10,Chapas gusset (contravento),chapa-12,0.0,1.06
CONEX_GUSSET_COB_01_05_00,Chapas gusset (contravento),chapa-12,0.0,1.06
CONEX_GUSSET_COB_01_05_10,Chapas gusset (contravento),chapa-12,0.0,1.06
CONEX_GUSSET_COB_02_15_00,Chapas gusset (contravento),chapa-12,0.0,1.06
CONEX_GUSSET_COB_02_15_10,Chapas gusset (contravento),chapa-12,0.0,1.06
CONEX_GUSSET_COB_02_20_00,Chapas gusset (contravento),chapa-12,0.0,1.06
CONEX_GUSSET_COB_02_20_10,Chapas gusset (contravento),chapa-12,0.0,1.06
CONEX_GUSSET_PAR_D_01_00_B,Chapas gusset (contravento),chapa-12,0.0,1.06
CONEX_GUSSET_PAR_D_01_00_T,Chapas gusset (contravento),chapa-12,0.0,1.06
CONEX_GUSSET_PAR_D_01_05_B,Chapas gusset (contravento),chapa-12,0.0,1.06
CONEX_GUSSET_PAR_D_01_05_T,Chapas gusset (contravento),chapa-12,0.0,1.06
CONEX_GUSSET_PAR_D_02_15_B,Chapas gusset (contravento),chapa-12,0.0,1.06
CONEX_GUSSET_PAR_D_02_15_T,Chapas gusset (contravento),chapa-12,0.0,1.06
CONEX_GUSSET_PAR_D_02_20_B,Chapas gusset (contravento),chapa-12,0.0,1.06
CONEX_GUSSET_PAR_D_02_20_T,Chapas gusset (contravento),chapa-12,0.0,1.06
CONEX_GUSSET_PAR_E_01_00_B,Chapas gusset (contravento),chapa-12,0.0,1.06
CONEX_GUSSET_PAR_E_01_00_T,Chapas gusset (contravento),chapa-12,0.0,1.06
CONEX_GUSSET_PAR_E_01_05_B,Chapas gusset (contravento),chapa-12,0.0,1.06
CONEX_GUSSET_PAR_E_01_05_T,Chapas gusset (contravento),chapa-12,0.0,1.06
CONEX_GUSSET_PAR_E_02_15_B,Chapas gusset (contravento),chapa-12,0.0,1.06
CONEX_GUSSET_PAR_E_02_15_T,Chapas gusset (contravento),chapa-12,0.0,1.06
CONEX_GUSSET_PAR_E_02_20_B,Chapas gusset (contravento),chapa-12,0.0,1.06
CONEX_GUSSET_PAR_E_02_20_T,Chapas gusset (contravento),chapa-12,0.0,1.06
CONEX_JOELHO_01_D_CHAPA,Chapa de topo (joelho),chapa-22,0.0,9.5
CONEX_JOELHO_01_D_ENRIJ_INF,Enrijecedores (joelho),chapa-12,0.0,3.58
CONEX_JOELHO_01_D_ENRIJ_SUP,Enrijecedores (joelho),chapa-12,0.0,3.58
CONEX_JOELHO_01_D_M24_01,Parafusos M24 (joelho),M24,120.0,0.43
CONEX_JOELHO_01_D_M24_02,Parafusos M24 (joelho),M24,120.0,0.43
CONEX_JOELHO_01_D_M24_03,Parafusos M24 (joelho),M24,120.0,0.43
CONEX_JOELHO_01_D_M24_04,Parafusos M24 (joelho),M24,120.0,0.43
CONEX_JOELHO_01_D_MISULA,Misulas (joelho),chapa-9.5,0.0,254.34
CONEX_JOELHO_01_E_CHAPA,Chapa de topo (joelho),chapa-22,0.0,9.5
CONEX_JOELHO_01_E_ENRIJ_INF,Enrijecedores (joelho),chapa-12,0.0,3.58
CONEX_JOELHO_01_E_ENRIJ_SUP,Enrijecedores (joelho),chapa-12,0.0,3.58
CONEX_JOELHO_01_E_M24_01,Parafusos M24 (joelho),M24,120.0,0.43
CONEX_JOELHO_01_E_M24_02,Parafusos M24 (joelho),M24,120.0,0.43
CONEX_JOELHO_01_E_M24_03,Parafusos M24 (joelho),M24,120.0,0.43
CONEX_JOELHO_01_E_M24_04,Parafusos M24 (joelho),M24,120.0,0.43
CONEX_JOELHO_01_E_MISULA,Misulas (joelho),chapa-9.5,0.0,254.34
CONEX_JOELHO_02_D_CHAPA,Chapa de topo (joelho),chapa-22,0.0,9.5
CONEX_JOELHO_02_D_ENRIJ_INF,Enrijecedores (joelho),chapa-12,0.0,3.58
CONEX_JOELHO_02_D_ENRIJ_SUP,Enrijecedores (joelho),chapa-12,0.0,3.58
CONEX_JOELHO_02_D_M24_01,Parafusos M24 (joelho),M24,120.0,0.43
CONEX_JOELHO_02_D_M24_02,Parafusos M24 (joelho),M24,120.0,0.43
CONEX_JOELHO_02_D_M24_03,Parafusos M24 (joelho),M24,120.0,0.43
CONEX_JOELHO_02_D_M24_04,Parafusos M24 (joelho),M24,120.0,0.43
CONEX_JOELHO_02_D_MISULA,Misulas (joelho),chapa-9.5,0.0,254.34
CONEX_JOELHO_02_E_CHAPA,Chapa de topo (joelho),chapa-22,0.0,9.5
CONEX_JOELHO_02_E_ENRIJ_INF,Enrijecedores (joelho),chapa-12,0.0,3.58
CONEX_JOELHO_02_E_ENRIJ_SUP,Enrijecedores (joelho),chapa-12,0.0,3.58
CONEX_JOELHO_02_E_M24_01,Parafusos M24 (joelho),M24,120.0,0.43
CONEX_JOELHO_02_E_M24_02,Parafusos M24 (joelho),M24,120.0,0.43
CONEX_JOELHO_02_E_M24_03,Parafusos M24 (joelho),M24,120.0,0.43
CONEX_JOELHO_02_E_M24_04,Parafusos M24 (joelho),M24,120.0,0.43
CONEX_JOELHO_02_E_MISULA,Misulas (joelho),chapa-9.5,0.0,254.34
CONEX_JOELHO_03_D_CHAPA,Chapa de topo (joelho),chapa-22,0.0,9.5
CONEX_JOELHO_03_D_ENRIJ_INF,Enrijecedores (joelho),chapa-12,0.0,3.58
CONEX_JOELHO_03_D_ENRIJ_SUP,Enrijecedores (joelho),chapa-12,0.0,3.58
CONEX_JOELHO_03_D_M24_01,Parafusos M24 (joelho),M24,120.0,0.43
CONEX_JOELHO_03_D_M24_02,Parafusos M24 (joelho),M24,120.0,0.43
CONEX_JOELHO_03_D_M24_03,Parafusos M24 (joelho),M24,120.0,0.43
CONEX_JOELHO_03_D_M24_04,Parafusos M24 (joelho),M24,120.0,0.43
CONEX_JOELHO_03_D_MISULA,Misulas (joelho),chapa-9.5,0.0,254.34
CONEX_JOELHO_03_E_CHAPA,Chapa de topo (joelho),chapa-22,0.0,9.5
CONEX_JOELHO_03_E_ENRIJ_INF,Enrijecedores (joelho),chapa-12,0.0,3.58
CONEX_JOELHO_03_E_ENRIJ_SUP,Enrijecedores (joelho),chapa-12,0.0,3.58
CONEX_JOELHO_03_E_M24_01,Parafusos M24 (joelho),M24,120.0,0.43
CONEX_JOELHO_03_E_M24_02,Parafusos M24 (joelho),M24,120.0,0.43
CONEX_JOELHO_03_E_M24_03,Parafusos M24 (joelho),M24,120.0,0.43
CONEX_JOELHO_03_E_M24_04,Parafusos M24 (joelho),M24,120.0,0.43
CONEX_JOELHO_03_E_MISULA,Misulas (joelho),chapa-9.5,0.0,254.34
CONEX_JOELHO_04_D_CHAPA,Chapa de topo (joelho),chapa-22,0.0,9.5
CONEX_JOELHO_04_D_ENRIJ_INF,Enrijecedores (joelho),chapa-12,0.0,3.58
CONEX_JOELHO_04_D_ENRIJ_SUP,Enrijecedores (joelho),chapa-12,0.0,3.58
CONEX_JOELHO_04_D_M24_01,Parafusos M24 (joelho),M24,120.0,0.43
CONEX_JOELHO_04_D_M24_02,Parafusos M24 (joelho),M24,120.0,0.43
CONEX_JOELHO_04_D_M24_03,Parafusos M24 (joelho),M24,120.0,0.43
CONEX_JOELHO_04_D_M24_04,Parafusos M24 (joelho),M24,120.0,0.43
CONEX_JOELHO_04_D_MISULA,Misulas (joelho),chapa-9.5,0.0,254.34
CONEX_JOELHO_04_E_CHAPA,Chapa de topo (joelho),chapa-22,0.0,9.5
CONEX_JOELHO_04_E_ENRIJ_INF,Enrijecedores (joelho),chapa-12,0.0,3.58
CONEX_JOELHO_04_E_ENRIJ_SUP,Enrijecedores (joelho),chapa-12,0.0,3.58
CONEX_JOELHO_04_E_M24_01,Parafusos M24 (joelho),M24,120.0,0.43
CONEX_JOELHO_04_E_M24_02,Parafusos M24 (joelho),M24,120.0,0.43
CONEX_JOELHO_04_E_M24_03,Parafusos M24 (joelho),M24,120.0,0.43
CONEX_JOELHO_04_E_M24_04,Parafusos M24 (joelho),M24,120.0,0.43
CONEX_JOELHO_04_E_MISULA,Misulas (joelho),chapa-9.5,0.0,254.34
CONEX_JOELHO_05_D_CHAPA,Chapa de topo (joelho),chapa-22,0.0,9.5
CONEX_JOELHO_05_D_ENRIJ_INF,Enrijecedores (joelho),chapa-12,0.0,3.58
CONEX_JOELHO_05_D_ENRIJ_SUP,Enrijecedores (joelho),chapa-12,0.0,3.58
CONEX_JOELHO_05_D_M24_01,Parafusos M24 (joelho),M24,120.0,0.43
CONEX_JOELHO_05_D_M24_02,Parafusos M24 (joelho),M24,120.0,0.43
CONEX_JOELHO_05_D_M24_03,Parafusos M24 (joelho),M24,120.0,0.43
CONEX_JOELHO_05_D_M24_04,Parafusos M24 (joelho),M24,120.0,0.43
CONEX_JOELHO_05_D_MISULA,Misulas (joelho),chapa-9.5,0.0,254.34
CONEX_JOELHO_05_E_CHAPA,Chapa de topo (joelho),chapa-22,0.0,9.5
CONEX_JOELHO_05_E_ENRIJ_INF,Enrijecedores (joelho),chapa-12,0.0,3.58
CONEX_JOELHO_05_E_ENRIJ_SUP,Enrijecedores (joelho),chapa-12,0.0,3.58
CONEX_JOELHO_05_E_M24_01,Parafusos M24 (joelho),M24,120.0,0.43
CONEX_JOELHO_05_E_M24_02,Parafusos M24 (joelho),M24,120.0,0.43
CONEX_JOELHO_05_E_M24_03,Parafusos M24 (joelho),M24,120.0,0.43
CONEX_JOELHO_05_E_M24_04,Parafusos M24 (joelho),M24,120.0,0.43
CONEX_JOELHO_05_E_MISULA,Misulas (joelho),chapa-9.5,0.0,254.34
CONTRAV_COBERTURA_01_A,Contraventamento,barra-20,11180.3,27.57
CONTRAV_COBERTURA_01_B,Contraventamento,barra-20,11180.3,27.57
CONTRAV_COBERTURA_02_A,Contraventamento,barra-20,11180.3,27.57
CONTRAV_COBERTURA_02_B,Contraventamento,barra-20,11180.3,27.57
CONTRAV_PAREDE_D_01_A,Contraventamento,barra-20,7787.2,19.2
CONTRAV_PAREDE_D_01_B,Contraventamento,barra-20,7787.2,19.2
CONTRAV_PAREDE_D_02_A,Contraventamento,barra-20,7787.2,19.2
CONTRAV_PAREDE_D_02_B,Contraventamento,barra-20,7787.2,19.2
CONTRAV_PAREDE_E_01_A,Contraventamento,barra-20,7787.2,19.2
CONTRAV_PAREDE_E_01_B,Contraventamento,barra-20,7787.2,19.2
CONTRAV_PAREDE_E_02_A,Contraventamento,barra-20,7787.2,19.2
CONTRAV_PAREDE_E_02_B,Contraventamento,barra-20,7787.2,19.2
ESTICADOR_COBERTURA_01_A,Esticadores (contravento),esticador-M20,11180.3,2.25
ESTICADOR_COBERTURA_01_B,Esticadores (contravento),esticador-M20,11180.3,2.25
ESTICADOR_COBERTURA_02_A,Esticadores (contravento),esticador-M20,11180.3,2.25
ESTICADOR_COBERTURA_02_B,Esticadores (contravento),esticador-M20,11180.3,2.25
ESTICADOR_PAREDE_D_01_A,Esticadores (contravento),esticador-M20,7787.2,2.25
ESTICADOR_PAREDE_D_01_B,Esticadores (contravento),esticador-M20,7787.2,2.25
ESTICADOR_PAREDE_D_02_A,Esticadores (contravento),esticador-M20,7787.2,2.25
ESTICADOR_PAREDE_D_02_B,Esticadores (contravento),esticador-M20,7787.2,2.25
ESTICADOR_PAREDE_E_01_A,Esticadores (contravento),esticador-M20,7787.2,2.25
ESTICADOR_PAREDE_E_01_B,Esticadores (contravento),esticador-M20,7787.2,2.25
ESTICADOR_PAREDE_E_02_A,Esticadores (contravento),esticador-M20,7787.2,2.25
ESTICADOR_PAREDE_E_02_B,Esticadores (contravento),esticador-M20,7787.2,2.25
MAO_FRANCESA_00_01,Tirantes / maos-francesas,barra-16,340.0,0.54
MAO_FRANCESA_00_02,Tirantes / maos-francesas,barra-16,340.0,0.54
MAO_FRANCESA_05_01,Tirantes / maos-francesas,barra-16,340.0,0.54
MAO_FRANCESA_05_02,Tirantes / maos-francesas,barra-16,340.0,0.54
MAO_FRANCESA_10_01,Tirantes / maos-francesas,barra-16,340.0,0.54
MAO_FRANCESA_10_02,Tirantes / maos-francesas,barra-16,340.0,0.54
MAO_FRANCESA_15_01,Tirantes / maos-francesas,barra-16,340.0,0.54
MAO_FRANCESA_15_02,Tirantes / maos-francesas,barra-16,340.0,0.54
MAO_FRANCESA_20_01,Tirantes / maos-francesas,barra-16,340.0,0.54
MAO_FRANCESA_20_02,Tirantes / maos-francesas,barra-16,340.0,0.54
MONTANTE_OITAO_FRENTE_01,Montantes de oitao,HEA160,6175.0,178.58
MONTANTE_OITAO_FRENTE_02,Montantes de oitao,HEA160,6175.0,178.58
MONTANTE_OITAO_FUNDO_01,Montantes de oitao,HEA160,6208.3,179.54
MONTANTE_OITAO_FUNDO_02,Montantes de oitao,HEA160,6208.3,179.54
NERVURA_BASE_D_01_N,Nervuras da base,chapa-12,0.0,1.98
NERVURA_BASE_D_01_P,Nervuras da base,chapa-12,0.0,1.98
NERVURA_BASE_D_02_N,Nervuras da base,chapa-12,0.0,1.98
NERVURA_BASE_D_02_P,Nervuras da base,chapa-12,0.0,1.98
NERVURA_BASE_D_03_N,Nervuras da base,chapa-12,0.0,1.98
NERVURA_BASE_D_03_P,Nervuras da base,chapa-12,0.0,1.98
NERVURA_BASE_D_04_N,Nervuras da base,chapa-12,0.0,1.98
NERVURA_BASE_D_04_P,Nervuras da base,chapa-12,0.0,1.98
NERVURA_BASE_D_05_N,Nervuras da base,chapa-12,0.0,1.98
NERVURA_BASE_D_05_P,Nervuras da base,chapa-12,0.0,1.98
NERVURA_BASE_E_01_N,Nervuras da base,chapa-12,0.0,1.98
NERVURA_BASE_E_01_P,Nervuras da base,chapa-12,0.0,1.98
NERVURA_BASE_E_02_N,Nervuras da base,chapa-12,0.0,1.98
NERVURA_BASE_E_02_P,Nervuras da base,chapa-12,0.0,1.98
NERVURA_BASE_E_03_N,Nervuras da base,chapa-12,0.0,1.98
NERVURA_BASE_E_03_P,Nervuras da base,chapa-12,0.0,1.98
NERVURA_BASE_E_04_N,Nervuras da base,chapa-12,0.0,1.98
NERVURA_BASE_E_04_P,Nervuras da base,chapa-12,0.0,1.98
NERVURA_BASE_E_05_N,Nervuras da base,chapa-12,0.0,1.98
NERVURA_BASE_E_05_P,Nervuras da base,chapa-12,0.0,1.98
PLACA_BASE_D_01,Placas de base,chapa-40,0.0,77.71
PLACA_BASE_D_02,Placas de base,chapa-40,0.0,77.71
PLACA_BASE_D_03,Placas de base,chapa-40,0.0,77.71
PLACA_BASE_D_04,Placas de base,chapa-40,0.0,77.71
PLACA_BASE_D_05,Placas de base,chapa-40,0.0,77.71
PLACA_BASE_E_01,Placas de base,chapa-40,0.0,77.71
PLACA_BASE_E_02,Placas de base,chapa-40,0.0,77.71
PLACA_BASE_E_03,Placas de base,chapa-40,0.0,77.71
PLACA_BASE_E_04,Placas de base,chapa-40,0.0,77.71
PLACA_BASE_E_05,Placas de base,chapa-40,0.0,77.71
PORCA_D_01_01,Porcas,porca-M20,18.0,0.2
PORCA_D_01_02,Porcas,porca-M20,18.0,0.2
PORCA_D_01_03,Porcas,porca-M20,18.0,0.2
PORCA_D_01_04,Porcas,porca-M20,18.0,0.2
PORCA_D_02_01,Porcas,porca-M20,18.0,0.2
PORCA_D_02_02,Porcas,porca-M20,18.0,0.2
PORCA_D_02_03,Porcas,porca-M20,18.0,0.2
PORCA_D_02_04,Porcas,porca-M20,18.0,0.2
PORCA_D_03_01,Porcas,porca-M20,18.0,0.2
PORCA_D_03_02,Porcas,porca-M20,18.0,0.2
PORCA_D_03_03,Porcas,porca-M20,18.0,0.2
PORCA_D_03_04,Porcas,porca-M20,18.0,0.2
PORCA_D_04_01,Porcas,porca-M20,18.0,0.2
PORCA_D_04_02,Porcas,porca-M20,18.0,0.2
PORCA_D_04_03,Porcas,porca-M20,18.0,0.2
PORCA_D_04_04,Porcas,porca-M20,18.0,0.2
PORCA_D_05_01,Porcas,porca-M20,18.0,0.2
PORCA_D_05_02,Porcas,porca-M20,18.0,0.2
PORCA_D_05_03,Porcas,porca-M20,18.0,0.2
PORCA_D_05_04,Porcas,porca-M20,18.0,0.2
PORCA_E_01_01,Porcas,porca-M20,18.0,0.2
PORCA_E_01_02,Porcas,porca-M20,18.0,0.2
PORCA_E_01_03,Porcas,porca-M20,18.0,0.2
PORCA_E_01_04,Porcas,porca-M20,18.0,0.2
PORCA_E_02_01,Porcas,porca-M20,18.0,0.2
PORCA_E_02_02,Porcas,porca-M20,18.0,0.2
PORCA_E_02_03,Porcas,porca-M20,18.0,0.2
PORCA_E_02_04,Porcas,porca-M20,18.0,0.2
PORCA_E_03_01,Porcas,porca-M20,18.0,0.2
PORCA_E_03_02,Porcas,porca-M20,18.0,0.2
PORCA_E_03_03,Porcas,porca-M20,18.0,0.2
PORCA_E_03_04,Porcas,porca-M20,18.0,0.2
PORCA_E_04_01,Porcas,porca-M20,18.0,0.2
PORCA_E_04_02,Porcas,porca-M20,18.0,0.2
PORCA_E_04_03,Porcas,porca-M20,18.0,0.2
PORCA_E_04_04,Porcas,porca-M20,18.0,0.2
PORCA_E_05_01,Porcas,porca-M20,18.0,0.2
PORCA_E_05_02,Porcas,porca-M20,18.0,0.2
PORCA_E_05_03,Porcas,porca-M20,18.0,0.2
PORCA_E_05_04,Porcas,porca-M20,18.0,0.2
PORCA_NIVEL_D_01_01,Porcas de nivel,porca-M20,28.0,0.3
PORCA_NIVEL_D_01_02,Porcas de nivel,porca-M20,28.0,0.3
PORCA_NIVEL_D_01_03,Porcas de nivel,porca-M20,28.0,0.3
PORCA_NIVEL_D_01_04,Porcas de nivel,porca-M20,28.0,0.3
PORCA_NIVEL_D_02_01,Porcas de nivel,porca-M20,28.0,0.3
PORCA_NIVEL_D_02_02,Porcas de nivel,porca-M20,28.0,0.3
PORCA_NIVEL_D_02_03,Porcas de nivel,porca-M20,28.0,0.3
PORCA_NIVEL_D_02_04,Porcas de nivel,porca-M20,28.0,0.3
PORCA_NIVEL_D_03_01,Porcas de nivel,porca-M20,28.0,0.3
PORCA_NIVEL_D_03_02,Porcas de nivel,porca-M20,28.0,0.3
PORCA_NIVEL_D_03_03,Porcas de nivel,porca-M20,28.0,0.3
PORCA_NIVEL_D_03_04,Porcas de nivel,porca-M20,28.0,0.3
PORCA_NIVEL_D_04_01,Porcas de nivel,porca-M20,28.0,0.3
PORCA_NIVEL_D_04_02,Porcas de nivel,porca-M20,28.0,0.3
PORCA_NIVEL_D_04_03,Porcas de nivel,porca-M20,28.0,0.3
PORCA_NIVEL_D_04_04,Porcas de nivel,porca-M20,28.0,0.3
PORCA_NIVEL_D_05_01,Porcas de nivel,porca-M20,28.0,0.3
PORCA_NIVEL_D_05_02,Porcas de nivel,porca-M20,28.0,0.3
PORCA_NIVEL_D_05_03,Porcas de nivel,porca-M20,28.0,0.3
PORCA_NIVEL_D_05_04,Porcas de nivel,porca-M20,28.0,0.3
PORCA_NIVEL_E_01_01,Porcas de nivel,porca-M20,28.0,0.3
PORCA_NIVEL_E_01_02,Porcas de nivel,porca-M20,28.0,0.3
PORCA_NIVEL_E_01_03,Porcas de nivel,porca-M20,28.0,0.3
PORCA_NIVEL_E_01_04,Porcas de nivel,porca-M20,28.0,0.3
PORCA_NIVEL_E_02_01,Porcas de nivel,porca-M20,28.0,0.3
PORCA_NIVEL_E_02_02,Porcas de nivel,porca-M20,28.0,0.3
PORCA_NIVEL_E_02_03,Porcas de nivel,porca-M20,28.0,0.3
PORCA_NIVEL_E_02_04,Porcas de nivel,porca-M20,28.0,0.3
PORCA_NIVEL_E_03_01,Porcas de nivel,porca-M20,28.0,0.3
PORCA_NIVEL_E_03_02,Porcas de nivel,porca-M20,28.0,0.3
PORCA_NIVEL_E_03_03,Porcas de nivel,porca-M20,28.0,0.3
PORCA_NIVEL_E_03_04,Porcas de nivel,porca-M20,28.0,0.3
PORCA_NIVEL_E_04_01,Porcas de nivel,porca-M20,28.0,0.3
PORCA_NIVEL_E_04_02,Porcas de nivel,porca-M20,28.0,0.3
PORCA_NIVEL_E_04_03,Porcas de nivel,porca-M20,28.0,0.3
PORCA_NIVEL_E_04_04,Porcas de nivel,porca-M20,28.0,0.3
PORCA_NIVEL_E_05_01,Porcas de nivel,porca-M20,28.0,0.3
PORCA_NIVEL_E_05_02,Porcas de nivel,porca-M20,28.0,0.3
PORCA_NIVEL_E_05_03,Porcas de nivel,porca-M20,28.0,0.3
PORCA_NIVEL_E_05_04,Porcas de nivel,porca-M20,28.0,0.3
PORTICO_01_COLUNA_D,Colunas,HEA200,5970.0,239.24
PORTICO_01_COLUNA_E,Colunas,HEA200,5970.0,239.24
PORTICO_01_VIGA_D,Vigas,HEA180,5024.9,170.88
PORTICO_01_VIGA_E,Vigas,HEA180,5024.9,170.88
PORTICO_02_COLUNA_D,Colunas,HEA200,5970.0,239.24
PORTICO_02_COLUNA_E,Colunas,HEA200,5970.0,239.24
PORTICO_02_VIGA_D,Vigas,HEA180,5024.9,170.88
PORTICO_02_VIGA_E,Vigas,HEA180,5024.9,170.88
PORTICO_03_COLUNA_D,Colunas,HEA200,5970.0,239.24
PORTICO_03_COLUNA_E,Colunas,HEA200,5970.0,239.24
PORTICO_03_VIGA_D,Vigas,HEA180,5024.9,170.88
PORTICO_03_VIGA_E,Vigas,HEA180,5024.9,170.88
PORTICO_04_COLUNA_D,Colunas,HEA200,5970.0,239.24
PORTICO_04_COLUNA_E,Colunas,HEA200,5970.0,239.24
PORTICO_04_VIGA_D,Vigas,HEA180,5024.9,170.88
PORTICO_04_VIGA_E,Vigas,HEA180,5024.9,170.88
PORTICO_05_COLUNA_D,Colunas,HEA200,5970.0,239.24
PORTICO_05_COLUNA_E,Colunas,HEA200,5970.0,239.24
PORTICO_05_VIGA_D,Vigas,HEA180,5024.9,170.88
PORTICO_05_VIGA_E,Vigas,HEA180,5024.9,170.88
TAPAMENTO_LATERAL_D,Tapamento,trapez-0.65,0.0,558.21
TAPAMENTO_LATERAL_E,Tapamento,trapez-0.65,0.0,548.43
TAPAMENTO_OITAO_FRENTE,Tapamento,trapez-0.65,0.0,228.62
TAPAMENTO_OITAO_FUNDO,Tapamento,trapez-0.65,0.0,317.38
TELHA_D,Telha de cobertura,trapez-0.65,0.0,512.79
TELHA_E,Telha de cobertura,trapez-0.65,0.0,512.79
TERCA_BEIRAL_D,Tercas,Ue200x75x25x2.65,20000.0,162.01
TERCA_BEIRAL_E,Tercas,Ue200x75x25x2.65,20000.0,162.01
TERCA_D_01,Tercas,Ue200x75x25x2.65,20000.0,162.01
TERCA_D_02,Tercas,Ue200x75x25x2.65,20000.0,162.01
TERCA_E_01,Tercas,Ue200x75x25x2.65,20000.0,162.01
TERCA_E_02,Tercas,Ue200x75x25x2.65,20000.0,162.01
TERCA_PAREDE_D_01,Tercas de parede,UPE100,20000.0,189.58
TERCA_PAREDE_D_02,Tercas de parede,UPE100,20000.0,189.58
TERCA_PAREDE_E_01a,Tercas de parede,UPE100,7300.0,69.2
TERCA_PAREDE_E_01b,Tercas de parede,UPE100,11800.0,111.85
TERCA_PAREDE_E_02,Tercas de parede,UPE100,20000.0,189.58
TIRANTE_D_VAO_01_00,Tirantes / maos-francesas,barra-16,1675.0,2.64
TIRANTE_D_VAO_01_01,Tirantes / maos-francesas,barra-16,1674.9,2.64
TIRANTE_D_VAO_01_02,Tirantes / maos-francesas,barra-16,1675.0,2.64
TIRANTE_D_VAO_02_00,Tirantes / maos-francesas,barra-16,1675.0,2.64
TIRANTE_D_VAO_02_01,Tirantes / maos-francesas,barra-16,1674.9,2.64
TIRANTE_D_VAO_02_02,Tirantes / maos-francesas,barra-16,1675.0,2.64
TIRANTE_D_VAO_03_00,Tirantes / maos-francesas,barra-16,1675.0,2.64
TIRANTE_D_VAO_03_01,Tirantes / maos-francesas,barra-16,1674.9,2.64
TIRANTE_D_VAO_03_02,Tirantes / maos-francesas,barra-16,1675.0,2.64
TIRANTE_D_VAO_04_00,Tirantes / maos-francesas,barra-16,1675.0,2.64
TIRANTE_D_VAO_04_01,Tirantes / maos-francesas,barra-16,1674.9,2.64
TIRANTE_D_VAO_04_02,Tirantes / maos-francesas,barra-16,1675.0,2.64
TIRANTE_E_VAO_01_00,Tirantes / maos-francesas,barra-16,1675.0,2.64
TIRANTE_E_VAO_01_01,Tirantes / maos-francesas,barra-16,1674.9,2.64
TIRANTE_E_VAO_01_02,Tirantes / maos-francesas,barra-16,1675.0,2.64
TIRANTE_E_VAO_02_00,Tirantes / maos-francesas,barra-16,1675.0,2.64
TIRANTE_E_VAO_02_01,Tirantes / maos-francesas,barra-16,1674.9,2.64
TIRANTE_E_VAO_02_02,Tirantes / maos-francesas,barra-16,1675.0,2.64
TIRANTE_E_VAO_03_00,Tirantes / maos-francesas,barra-16,1675.0,2.64
TIRANTE_E_VAO_03_01,Tirantes / maos-francesas,barra-16,1674.9,2.64
TIRANTE_E_VAO_03_02,Tirantes / maos-francesas,barra-16,1675.0,2.64
TIRANTE_E_VAO_04_00,Tirantes / maos-francesas,barra-16,1675.0,2.64
TIRANTE_E_VAO_04_01,Tirantes / maos-francesas,barra-16,1674.9,2.64
TIRANTE_E_VAO_04_02,Tirantes / maos-francesas,barra-16,1675.0,2.64
TIRANTE_PAREDE_D_01_01,Tirantes / maos-francesas,barra-16,5970.0,9.42
TIRANTE_PAREDE_D_01_02,Tirantes / maos-francesas,barra-16,5970.0,9.42
TIRANTE_PAREDE_D_02_01,Tirantes / maos-francesas,barra-16,5970.0,9.42
TIRANTE_PAREDE_D_02_02,Tirantes / maos-francesas,barra-16,5970.0,9.42
TIRANTE_PAREDE_D_03_01,Tirantes / maos-francesas,barra-16,5970.0,9.42
TIRANTE_PAREDE_D_03_02,Tirantes / maos-francesas,barra-16,5970.0,9.42
TIRANTE_PAREDE_D_04_01,Tirantes / maos-francesas,barra-16,5970.0,9.42
TIRANTE_PAREDE_D_04_02,Tirantes / maos-francesas,barra-16,5970.0,9.42
TIRANTE_PAREDE_E_01_01,Tirantes / maos-francesas,barra-16,5970.0,9.42
TIRANTE_PAREDE_E_01_02,Tirantes / maos-francesas,barra-16,5970.0,9.42
TIRANTE_PAREDE_E_02_01,Tirantes / maos-francesas,barra-16,5970.0,9.42
TIRANTE_PAREDE_E_02_02,Tirantes / maos-francesas,barra-16,5970.0,9.42
TIRANTE_PAREDE_E_03_01,Tirantes / maos-francesas,barra-16,5970.0,9.42
TIRANTE_PAREDE_E_03_02,Tirantes / maos-francesas,barra-16,5970.0,9.42
TIRANTE_PAREDE_E_04_01,Tirantes / maos-francesas,barra-16,5970.0,9.42
TIRANTE_PAREDE_E_04_02,Tirantes / maos-francesas,barra-16,5970.0,9.42
VAO_01_CUMEEIRA,Escoras de beiral / cumeeira,HEA160,5000.0,144.6
VAO_01_ESCORA_BEIRAL_D,Escoras de beiral / cumeeira,HEA160,5000.0,144.6
VAO_01_ESCORA_BEIRAL_E,Escoras de beiral / cumeeira,HEA160,5000.0,144.6
VAO_02_CUMEEIRA,Escoras de beiral / cumeeira,HEA160,5000.0,144.6
VAO_02_ESCORA_BEIRAL_D,Escoras de beiral / cumeeira,HEA160,5000.0,144.6
VAO_02_ESCORA_BEIRAL_E,Escoras de beiral / cumeeira,HEA160,5000.0,144.6
VAO_03_CUMEEIRA,Escoras de beiral / cumeeira,HEA160,5000.0,144.6
VAO_03_ESCORA_BEIRAL_D,Escoras de beiral / cumeeira,HEA160,5000.0,144.6
VAO_03_ESCORA_BEIRAL_E,Escoras de beiral / cumeeira,HEA160,5000.0,144.6
VAO_04_CUMEEIRA,Escoras de beiral / cumeeira,HEA160,5000.0,144.6
VAO_04_ESCORA_BEIRAL_D,Escoras de beiral / cumeeira,HEA160,5000.0,144.6
VAO_04_ESCORA_BEIRAL_E,Escoras de beiral / cumeeira,HEA160,5000.0,144.6
VERGA_PORTA_E,Vergas,UPE100,900.0,8.53
